{"name":"Nandika Jewellers","short_name":"Nandika","description":"Premium jewelry e-commerce platform - A Bond of trust & Quality","start_url":"/?source=pwa","display":"standalone","display_override":["fullscreen","window-controls-overlay","standalone"],"background_color":"#ffffff","theme_color":"#ffffff","orientation":"portrait","icons":[{"src":"/icons/icon-192x192.png","sizes":"192x192","type":"image/png","purpose":"any maskable"},{"src":"/icons/icon-512x512.png","sizes":"512x512","type":"image/png","purpose":"any maskable"}],"categories":["shopping","lifestyle","fashion"],"screenshots":[{"src":"/carousel1-mobile.png","sizes":"1170x2532","type":"image/png","form_factor":"narrow","label":"Home Screen"},{"src":"/carousel1.png","sizes":"1920x1080","type":"image/png","form_factor":"wide","label":"Desktop Home"}],"shortcuts":[{"name":"Shop Now","short_name":"Shop","description":"Browse our latest collections","url":"/collections","icons":[{"src":"/icons/icon-192x192.png","sizes":"192x192"}]},{"name":"Cart","short_name":"Cart","description":"View your shopping cart","url":"/checkout","icons":[{"src":"/icons/icon-192x192.png","sizes":"192x192"}]}],"prefer_related_applications":false,"related_applications":[],"scope":"/","dir":"ltr","lang":"en-US","id":"nandika-jewellers-pwa"}